Date,Pitch %,Symmetry %,Note,Task A Acc,Task B Acc,Task C Acc,Task D Acc
2025-11-27 11:31:22,0,0,Batch run P0 S0,,,,
2025-11-27 11:31:22,0,50,Batch run P0 S50,,,,
2025-11-27 11:31:22,50,0,Batch run P50 S0,,,,
2025-11-27 11:31:22,50,50,Batch run P50 S50,,,,
2025-11-27 11:53:23,0,0,Batch run P0 S0,,,,
2025-11-27 12:08:59,0,50,Batch run P0 S50,,,,
2025-11-27 12:24:37,50,0,Batch run P50 S0,,,,
2025-11-27 12:40:06,50,50,Batch run P50 S50,,,,
2025-11-27 23:46:04,0,0,Batch run P0 S0,,,,
2025-11-28 00:17:10,0,0,Batch run P0 S0,,,,
2025-11-28 00:43:11,0,0,Batch run P0 S0,,,,
2025-11-28 01:00:48,0,25,Batch run P0 S25,,,,
2025-11-28 12:27:12,0,0,Batch run P0 S0,,,,
2025-11-28 12:43:45,0,25,Batch run P0 S25,,,,
2025-11-28 13:00:21,0,50,Batch run P0 S50,,,,
2025-11-28 13:16:49,0,75,Batch run P0 S75,,,,
2025-11-28 13:33:16,25,0,Batch run P25 S0,,,,
2025-11-28 15:08:54,25,25,Batch run P25 S25,,,,
2025-11-28 15:24:29,25,50,Batch run P25 S50,,,,
2025-11-28 15:40:21,25,75,Batch run P25 S75,,,,
2025-11-28 15:55:53,50,0,Batch run P50 S0,,,,
2025-11-28 16:11:28,50,25,Batch run P50 S25,,,,
2025-11-28 16:26:59,50,50,Batch run P50 S50,,,,
2025-11-28 16:42:20,50,75,Batch run P50 S75,,,,
2025-11-28 16:57:40,75,0,Batch run P75 S0,,,,
2025-11-28 17:12:35,75,25,Batch run P75 S25,,,,
2025-11-28 17:27:44,75,50,Batch run P75 S50,,,,
2025-11-28 21:24:18,0,0,Batch run P0 S0,Error,Error,Error,Error
2025-11-29 00:09:34,0,25,Batch run P0 S25,Error,Error,Error,Error
2025-11-29 02:53:02,0,50,Batch run P0 S50,Error,Error,Error,Error
2025-11-29 05:24:23,0,75,Batch run P0 S75,Error,Error,Error,Error
2025-11-29 07:35:34,25,0,Batch run P25 S0,Error,Error,Error,Error
2025-11-29 09:51:56,25,25,Batch run P25 S25,Error,Error,Error,Error
2025-11-29 11:58:20,25,50,Batch run P25 S50,Error,Error,Error,Error
2025-11-29 13:56:59,25,75,Batch run P25 S75,Error,Error,Error,Error
2025-11-29 15:33:13,50,0,Batch run P50 S0,Error,Error,Error,Error
2025-11-29 17:00:04,50,25,Batch run P50 S25,Error,Error,Error,Error
2025-11-29 18:37:35,50,50,Batch run P50 S50,Error,Error,Error,Error
2025-11-29 20:16:39,50,75,Batch run P50 S75,Error,Error,Error,Error
2025-11-29 21:20:02,75,0,Batch run P75 S0,Error,Error,Error,Error
2025-11-29 22:27:09,75,25,Batch run P75 S25,Error,Error,Error,Error
2025-11-30 02:09:26,0,0,Batch run P0 S0,0.4615,0.5576,0.509,0.4296
2025-11-30 05:15:54,0,25,Batch run P0 S25,0.4615,0.524,0.5084,0.5582
